,contrast,f_inf,f_zero
0,-0.20458333333333328,347.6669178625128,436.0360816867227
1,-0.15166666666666662,300.0602633795288,430.61445175275514
2,-0.09833333333333324,243.16609444310643,408.06540486134355
3,-0.04541666666666666,167.95265321873003,375.5028321245666
4,0.0075000000000000995,91.2730194352235,45.99460113341538
5,0.060833333333333295,22.894820612869715,6.013376512057948
6,0.11375000000000006,2.6178495106331474,2.455032988372042
7,0.16666666666666663,2.4280569394640628,2.4280569394640623
